"Status","Start Time","Stop Time","Duration in ms","Parent Suite","Suite","Sub Suite","Test Class","Test Method","Name","Description"
"passed","Sun Jan 28 19:48:28 GMT 2024","Sun Jan 28 19:48:28 GMT 2024","22","","com.coursemanagement.unit.resource.AdminResourceTest","","com.coursemanagement.unit.resource.AdminResourceTest","testAdminAssignRoleEndpoint","Test exception deserialization",""
"passed","Sun Jan 28 19:48:21 GMT 2024","Sun Jan 28 19:48:21 GMT 2024","1","","Test enroll student in courses","","com.coursemanagement.unit.service.CourseManagementServiceImplTest$TestStudentCourseEnrollment","testEnrollStudentCourseAccessControl_ThrowException","Requested by admin for instructor",""
"passed","Sun Jan 28 19:48:22 GMT 2024","Sun Jan 28 19:48:22 GMT 2024","0","","com.coursemanagement.unit.service.UserAssociationServiceImplTest","","com.coursemanagement.unit.service.UserAssociationServiceImplTest","testUserAssociationAccess","Test user access to their lesson when the current user is different",""
"passed","Sun Jan 28 19:48:24 GMT 2024","Sun Jan 28 19:48:24 GMT 2024","190","","com.coursemanagement.unit.resource.ResetPasswordControllerTest","","com.coursemanagement.unit.resource.ResetPasswordControllerTest","testResetPasswordEndpoint_ValidRequest","Test reset password endpoint with valid request",""
"passed","Sun Jan 28 19:48:20 GMT 2024","Sun Jan 28 19:48:20 GMT 2024","18","","Token confirmation","","com.coursemanagement.unit.service.ConfirmationTokenServiceImplTest$TokenConfirmationTests","testFindConfirmationTokenByTokenAndTypeExist","Test token confirmation by token and type when token exists 1 token type = EMAIL_CONFIRMATION",""
"passed","Sun Jan 28 19:48:46 GMT 2024","Sun Jan 28 19:48:46 GMT 2024","30","","com.coursemanagement.integration.e2e.CourseInformationTest","","com.coursemanagement.integration.e2e.CourseInformationTest","testGettingCourseInformation","Test get students per course unauthorized request",""
"passed","Sun Jan 28 19:48:48 GMT 2024","Sun Jan 28 19:48:48 GMT 2024","39","","com.coursemanagement.integration.e2e.HomeworkManagementTest","","com.coursemanagement.integration.e2e.HomeworkManagementTest","testHomeworkDownloadingFlow","Test homework downloading by another student",""
"passed","Sun Jan 28 19:48:51 GMT 2024","Sun Jan 28 19:48:51 GMT 2024","48","","com.coursemanagement.integration.e2e.FeedbackSubmissionTest","","com.coursemanagement.integration.e2e.FeedbackSubmissionTest","testValidFeedbackSubmissionFlow","Test submission by an admin",""
"passed","Sun Jan 28 19:48:21 GMT 2024","Sun Jan 28 19:48:21 GMT 2024","2","","Test student course completion","","com.coursemanagement.unit.service.CourseManagementServiceImplTest$TestStudentCourseCompletion","testCompleteStudentCourseValidation","Final course mark is bellow min course passing mark",""
"passed","Sun Jan 28 19:48:21 GMT 2024","Sun Jan 28 19:48:21 GMT 2024","11","","com.coursemanagement.unit.service.LessonServiceImplTest","","com.coursemanagement.unit.service.LessonServiceImplTest","testGetUserLessonsWithContentPerCourse","Test get user lessons with detailed information",""
"passed","Sun Jan 28 19:48:48 GMT 2024","Sun Jan 28 19:48:48 GMT 2024","43","","com.coursemanagement.integration.e2e.HomeworkManagementTest","","com.coursemanagement.integration.e2e.HomeworkManagementTest","testHomeworkUploadingFlow","Test valid homework uploading request with image file",""
"passed","Sun Jan 28 19:48:51 GMT 2024","Sun Jan 28 19:48:51 GMT 2024","37","","com.coursemanagement.integration.e2e.FeedbackSubmissionTest","","com.coursemanagement.integration.e2e.FeedbackSubmissionTest","testBadFeedbackSubmissionFlow","Test submission without feedback",""
"passed","Sun Jan 28 19:48:49 GMT 2024","Sun Jan 28 19:48:49 GMT 2024","95","","com.coursemanagement.integration.e2e.MarkAssignmentTest","","com.coursemanagement.integration.e2e.MarkAssignmentTest","testValidMarkAssignmentRequest","Test valid mark assignment request [6] Test valid mark assignment (AVERAGE) by admin",""
"passed","Sun Jan 28 19:48:20 GMT 2024","Sun Jan 28 19:48:20 GMT 2024","4","","Token confirmation","","com.coursemanagement.unit.service.ConfirmationTokenServiceImplTest$TokenConfirmationTests","testThrowSystemExceptionWhenTokenAndTypeDoNotExist","Test throwing system exception when token doesn't exist 2 token type = RESET_PASSWORD",""
"passed","Sun Jan 28 19:48:22 GMT 2024","Sun Jan 28 19:48:22 GMT 2024","0","","com.coursemanagement.unit.service.UserAssociationServiceImplTest","","com.coursemanagement.unit.service.UserAssociationServiceImplTest","testUserAssociationAccess","Test current user doesn't have access to their lesson file",""
"passed","Sun Jan 28 19:48:26 GMT 2024","Sun Jan 28 19:48:26 GMT 2024","9","","Email confirmation endpoint tests","","com.coursemanagement.unit.resource.AuthenticationControllerTest$EmailConfirmationEndpointTests","testEmailConfirmationEndpoint_AbsentToken","Test email confirmation endpoint without confirmation token",""
"passed","Sun Jan 28 19:48:22 GMT 2024","Sun Jan 28 19:48:22 GMT 2024","1","","com.coursemanagement.unit.service.UserAssociationServiceImplTest","","com.coursemanagement.unit.service.UserAssociationServiceImplTest","testUserAssociationAccess","Test admin access to a lesson file when the requested user have access",""
"passed","Sun Jan 28 19:48:48 GMT 2024","Sun Jan 28 19:48:48 GMT 2024","109","","com.coursemanagement.integration.e2e.MarkAssignmentTest","","com.coursemanagement.integration.e2e.MarkAssignmentTest","testValidMarkAssignmentRequest","Test valid mark assignment request [1] Test valid mark assignment (POOR) by instructor",""
"passed","Sun Jan 28 19:48:20 GMT 2024","Sun Jan 28 19:48:20 GMT 2024","10","","com.coursemanagement.unit.service.CourseServiceImplTest","","com.coursemanagement.unit.service.CourseServiceImplTest","testGetCourseFinalMark","Test get course final mark 2 user course status = COMPLETED",""
"passed","Sun Jan 28 19:48:28 GMT 2024","Sun Jan 28 19:48:28 GMT 2024","77","","com.coursemanagement.unit.resource.AdminResourceTest","","com.coursemanagement.unit.resource.AdminResourceTest","testAdminUserCourseDetailsEndpoint","Test valid get user course details request",""
"passed","Sun Jan 28 19:48:21 GMT 2024","Sun Jan 28 19:48:21 GMT 2024","5","","com.coursemanagement.unit.service.FileServiceImplTest","","com.coursemanagement.unit.service.FileServiceImplTest","testFileCreation","Test file creation",""
"passed","Sun Jan 28 19:48:21 GMT 2024","Sun Jan 28 19:48:21 GMT 2024","6","","com.coursemanagement.unit.service.MarkServiceImplTest","","com.coursemanagement.unit.service.MarkServiceImplTest","testGetMarks","Test get average lesson marks for student course",""
"passed","Sun Jan 28 19:48:29 GMT 2024","Sun Jan 28 19:48:29 GMT 2024","42","","com.coursemanagement.unit.resource.CourseResourceTest","","com.coursemanagement.unit.resource.CourseResourceTest","testUserCoursesByCourseCodeEndpoint","Test valid user course details request",""
"passed","Sun Jan 28 19:48:42 GMT 2024","Sun Jan 28 19:48:42 GMT 2024","38","","com.coursemanagement.integration.repository.UserCourseRepositoryTest","","com.coursemanagement.integration.repository.UserCourseRepositoryTest","testFindUserCourseByUserIdAndCourseCode_Course_Is_Fetched","Test find user course by user id and course code with fetched course",""
"passed","Sun Jan 28 19:48:50 GMT 2024","Sun Jan 28 19:48:50 GMT 2024","85","","com.coursemanagement.integration.e2e.CourseEnrollmentTest","","com.coursemanagement.integration.e2e.CourseEnrollmentTest","testCourseEnrollmentFlow","Test first course enrollment",""
"passed","Sun Jan 28 19:48:21 GMT 2024","Sun Jan 28 19:48:21 GMT 2024","0","","com.coursemanagement.unit.service.HomeworkServiceImplTest","","com.coursemanagement.unit.service.HomeworkServiceImplTest","testHomeworkManagement","Test user is not associated with lesson during uploading",""
"passed","Sun Jan 28 19:48:28 GMT 2024","Sun Jan 28 19:48:28 GMT 2024","18","","com.coursemanagement.unit.resource.AdminResourceTest","","com.coursemanagement.unit.resource.AdminResourceTest","testAdminUserByIdEndpoint","Test unauthorized access to admins endpoint",""
"passed","Sun Jan 28 19:48:41 GMT 2024","Sun Jan 28 19:48:41 GMT 2024","44","","com.coursemanagement.integration.repository.UserCourseRepositoryTest","","com.coursemanagement.integration.repository.UserCourseRepositoryTest","testFindStudentsByCourseCode_Users_Are_Fetched","Test find user courses by course code with fetched students",""
"passed","Sun Jan 28 19:48:20 GMT 2024","Sun Jan 28 19:48:20 GMT 2024","1","","com.coursemanagement.unit.service.FeedbackServiceImplTest","","com.coursemanagement.unit.service.FeedbackServiceImplTest","testFeedbackSubmission","Test current user is another instructor",""
"passed","Sun Jan 28 19:48:24 GMT 2024","Sun Jan 28 19:48:24 GMT 2024","13","","com.coursemanagement.unit.resource.ResetPasswordControllerTest","","com.coursemanagement.unit.resource.ResetPasswordControllerTest","testResetPasswordConfirmEndpoint_ValidParameter","Test reset password confirm endpoint with valid parameter",""
"passed","Sun Jan 28 19:48:47 GMT 2024","Sun Jan 28 19:48:47 GMT 2024","105","","com.coursemanagement.integration.e2e.RoleAssignmentTest","","com.coursemanagement.integration.e2e.RoleAssignmentTest","testSuccessfulRoleAssignmentFlow","Test successful role assignment flow [5] role assignment = RoleAssignmentDto[userId=5, roles=[INSTRUCTOR, ADMIN]]",""
"passed","Sun Jan 28 19:48:29 GMT 2024","Sun Jan 28 19:48:29 GMT 2024","28","","com.coursemanagement.unit.resource.CourseResourceTest","","com.coursemanagement.unit.resource.CourseResourceTest","testUserLessonPerCourseEndpoint","Test valid user lessons per course request",""
"passed","Sun Jan 28 19:48:28 GMT 2024","Sun Jan 28 19:48:28 GMT 2024","33","","com.coursemanagement.unit.resource.AdminResourceTest","","com.coursemanagement.unit.resource.AdminResourceTest","testAdminAssignRoleEndpoint","Test valid role assigment request",""
"passed","Sun Jan 28 19:48:30 GMT 2024","Sun Jan 28 19:48:30 GMT 2024","7","","com.coursemanagement.unit.resource.CourseManagementResourceTest","","com.coursemanagement.unit.resource.CourseManagementResourceTest","testCourseEnrollmentsEndpoint","Test empty body request",""
"passed","Sun Jan 28 19:48:49 GMT 2024","Sun Jan 28 19:48:49 GMT 2024","96","","com.coursemanagement.integration.e2e.MarkAssignmentTest","","com.coursemanagement.integration.e2e.MarkAssignmentTest","testValidMarkAssignmentRequest","Test valid mark assignment request [3] Test valid mark assignment (BELOW_AVERAGE) by instructor",""
"passed","Sun Jan 28 19:48:21 GMT 2024","Sun Jan 28 19:48:21 GMT 2024","27","","com.coursemanagement.unit.service.FileServiceImplTest","","com.coursemanagement.unit.service.FileServiceImplTest","testCreateFileWithIOException","Test create file with IO exception",""
"passed","Sun Jan 28 19:48:50 GMT 2024","Sun Jan 28 19:48:50 GMT 2024","31","","com.coursemanagement.integration.e2e.AuthenticationTest","","com.coursemanagement.integration.e2e.AuthenticationTest","testUserAuthenticationFlow","Test user login without password",""
"passed","Sun Jan 28 19:48:51 GMT 2024","Sun Jan 28 19:48:51 GMT 2024","45","","com.coursemanagement.integration.e2e.FeedbackSubmissionTest","","com.coursemanagement.integration.e2e.FeedbackSubmissionTest","testBadFeedbackSubmissionFlow","Test submission by an instructor for non associated with course user",""
"passed","Sun Jan 28 19:48:28 GMT 2024","Sun Jan 28 19:48:28 GMT 2024","12","","com.coursemanagement.unit.resource.AdminResourceTest","","com.coursemanagement.unit.resource.AdminResourceTest","testAdminUserCourseDetailsEndpoint","Test exception deserialization",""
"passed","Sun Jan 28 19:48:42 GMT 2024","Sun Jan 28 19:48:42 GMT 2024","40","","com.coursemanagement.integration.repository.CourseRepositoryTest","","com.coursemanagement.integration.repository.CourseRepositoryTest","testFindCourseByCode_Users_Are_Fetched","Test find course by code with fetched users",""
"passed","Sun Jan 28 19:48:49 GMT 2024","Sun Jan 28 19:48:49 GMT 2024","101","","com.coursemanagement.integration.e2e.MarkAssignmentTest","","com.coursemanagement.integration.e2e.MarkAssignmentTest","testValidMarkAssignmentRequest","Test valid mark assignment request [4] Test valid mark assignment (BELOW_AVERAGE) by admin",""
"passed","Sun Jan 28 19:48:28 GMT 2024","Sun Jan 28 19:48:28 GMT 2024","13","","com.coursemanagement.unit.resource.AdminResourceTest","","com.coursemanagement.unit.resource.AdminResourceTest","testAdminUserByIdEndpoint","Test exception deserialization",""
"passed","Sun Jan 28 19:48:21 GMT 2024","Sun Jan 28 19:48:21 GMT 2024","152","","com.coursemanagement.unit.service.ResetPasswordServiceImplTest","","com.coursemanagement.unit.service.ResetPasswordServiceImplTest","testResetPasswordFlows","Test reset password",""
"passed","Sun Jan 28 19:48:19 GMT 2024","Sun Jan 28 19:48:20 GMT 2024","26","","com.coursemanagement.unit.service.CourseServiceImplTest","","com.coursemanagement.unit.service.CourseServiceImplTest","testGetCourseFinalMark","Test get course final mark 1 user course status = STARTED",""
"passed","Sun Jan 28 19:48:29 GMT 2024","Sun Jan 28 19:48:29 GMT 2024","9","","com.coursemanagement.unit.resource.CourseResourceTest","","com.coursemanagement.unit.resource.CourseResourceTest","testUserCourseFinalMarkEndpoint","Test valid final course mark request",""
"passed","Sun Jan 28 19:48:50 GMT 2024","Sun Jan 28 19:48:50 GMT 2024","103","","com.coursemanagement.integration.e2e.AuthenticationTest","","com.coursemanagement.integration.e2e.AuthenticationTest","testUserAuthenticationFlow","Test user login with invalid password",""
"passed","Sun Jan 28 19:48:21 GMT 2024","Sun Jan 28 19:48:21 GMT 2024","0","","com.coursemanagement.unit.service.EncryptionServiceImplTest","","com.coursemanagement.unit.service.EncryptionServiceImplTest","testUrlTokenEncryption","Test token encryption",""
"passed","Sun Jan 28 19:48:20 GMT 2024","Sun Jan 28 19:48:20 GMT 2024","1","","Token confirmation","","com.coursemanagement.unit.service.ConfirmationTokenServiceImplTest$TokenConfirmationTests","testThrowSystemExceptionWhenTokenIsInvalid","Test token: EMAIL_CONFIRMATION with status: NOT_ACTIVATED expired: true",""
"passed","Sun Jan 28 19:48:26 GMT 2024","Sun Jan 28 19:48:26 GMT 2024","6","","Email confirmation endpoint tests","","com.coursemanagement.unit.resource.AuthenticationControllerTest$EmailConfirmationEndpointTests","testEmailConfirmationEndpoint_InvalidToken","Test email confirmation endpoint with invalid confirmation token",""
"passed","Sun Jan 28 19:48:49 GMT 2024","Sun Jan 28 19:48:50 GMT 2024","132","","com.coursemanagement.integration.e2e.AuthenticationTest","","com.coursemanagement.integration.e2e.AuthenticationTest","testUserAuthenticationFlow","Test successful instructor login",""
"passed","Sun Jan 28 19:48:45 GMT 2024","Sun Jan 28 19:48:46 GMT 2024","104","","com.coursemanagement.integration.e2e.InstructorAssignmentTest","","com.coursemanagement.integration.e2e.InstructorAssignmentTest","testInstructorAssignmentFlow","Test assign instructor to non-existing course",""
"passed","Sun Jan 28 19:48:50 GMT 2024","Sun Jan 28 19:48:50 GMT 2024","70","","com.coursemanagement.integration.e2e.CourseCompletionTest","","com.coursemanagement.integration.e2e.CourseCompletionTest","testCourseCompletionFlow","Test course completion when all lessons are marked above allowed percent",""
"passed","Sun Jan 28 19:48:47 GMT 2024","Sun Jan 28 19:48:47 GMT 2024","78","","com.coursemanagement.integration.e2e.RoleAssignmentTest","","com.coursemanagement.integration.e2e.RoleAssignmentTest","testSuccessfulRoleAssignmentFlow","Test successful role assignment flow [4] role assignment = RoleAssignmentDto[userId=5, roles=[STUDENT, INSTRUCTOR]]",""
"passed","Sun Jan 28 19:48:27 GMT 2024","Sun Jan 28 19:48:27 GMT 2024","4","","com.coursemanagement.unit.resource.UserResourceTest","","com.coursemanagement.unit.resource.UserResourceTest","testCurrentUserEndpoint","Test unauthorized access to endpoint",""
"passed","Sun Jan 28 19:48:51 GMT 2024","Sun Jan 28 19:48:52 GMT 2024","535","","com.coursemanagement.integration.e2e.ResetPasswordTest","","com.coursemanagement.integration.e2e.ResetPasswordTest","testResetPasswordFlow","Test successful password resetting",""
"passed","Sun Jan 28 19:48:21 GMT 2024","Sun Jan 28 19:48:21 GMT 2024","1","","com.coursemanagement.unit.service.UserServiceImplTest","","com.coursemanagement.unit.service.UserServiceImplTest","testGetUser","Test get all users",""
"passed","Sun Jan 28 19:48:21 GMT 2024","Sun Jan 28 19:48:21 GMT 2024","2","","com.coursemanagement.unit.service.ResetPasswordServiceImplTest","","com.coursemanagement.unit.service.ResetPasswordServiceImplTest","testResetPasswordFlows","Test email validation during password reset confirmation",""
"passed","Sun Jan 28 19:48:46 GMT 2024","Sun Jan 28 19:48:46 GMT 2024","66","","com.coursemanagement.integration.e2e.CourseInformationTest","","com.coursemanagement.integration.e2e.CourseInformationTest","testGettingCourseInformation","Test get students per course valid request",""
"failed","Sun Jan 28 19:48:44 GMT 2024","Sun Jan 28 19:48:45 GMT 2024","912","","com.coursemanagement.integration.e2e.RegistrationTest","","com.coursemanagement.integration.e2e.RegistrationTest","testRegistrationFlow","Test successful user registration",""
"passed","Sun Jan 28 19:48:21 GMT 2024","Sun Jan 28 19:48:21 GMT 2024","1","","com.coursemanagement.unit.service.ResetPasswordServiceImplTest","","com.coursemanagement.unit.service.ResetPasswordServiceImplTest","testResetPasswordFlows","Test reset password confirmation token creation",""
"passed","Sun Jan 28 19:48:21 GMT 2024","Sun Jan 28 19:48:21 GMT 2024","2","","com.coursemanagement.unit.service.LessonServiceImplTest","","com.coursemanagement.unit.service.LessonServiceImplTest","testGetUserLessonsWithContentPerCourse","Test course access validation whn student doesn't have it",""
"passed","Sun Jan 28 19:48:28 GMT 2024","Sun Jan 28 19:48:28 GMT 2024","16","","com.coursemanagement.unit.resource.AdminResourceTest","","com.coursemanagement.unit.resource.AdminResourceTest","testAdminAssignRoleEndpoint","Test unauthorized access to admins endpoint",""
"passed","Sun Jan 28 19:48:22 GMT 2024","Sun Jan 28 19:48:22 GMT 2024","25","","com.coursemanagement.unit.service.UserAssociationServiceImplTest","","com.coursemanagement.unit.service.UserAssociationServiceImplTest","testUserAssociationAccess","Test current admin access to user",""
"passed","Sun Jan 28 19:48:28 GMT 2024","Sun Jan 28 19:48:28 GMT 2024","56","","com.coursemanagement.unit.resource.AdminResourceTest","","com.coursemanagement.unit.resource.AdminResourceTest","testAdminStudentLessonsPerCourseEndpoint","Test valid get student lessons per course request",""
"passed","Sun Jan 28 19:48:20 GMT 2024","Sun Jan 28 19:48:20 GMT 2024","1","","Token confirmation","","com.coursemanagement.unit.service.ConfirmationTokenServiceImplTest$TokenConfirmationTests","testThrowSystemExceptionWhenTokenIsInvalid","Test token: RESET_PASSWORD with status: NOT_ACTIVATED expired: true",""
"passed","Sun Jan 28 19:48:20 GMT 2024","Sun Jan 28 19:48:20 GMT 2024","85","","Invocation user activation","","com.coursemanagement.unit.service.ConfirmationTokenServiceImplTest$InvocationUserActivationTests","testInvokeUserActivationAfterEmailConfirmation","Test invoke user activation after email confirmation",""
"passed","Sun Jan 28 19:48:49 GMT 2024","Sun Jan 28 19:48:49 GMT 2024","76","","com.coursemanagement.integration.e2e.MarkAssignmentTest","","com.coursemanagement.integration.e2e.MarkAssignmentTest","testValidMarkAssignmentRequest","Test valid mark assignment request [10] Test valid mark assignment (EXCELLENT) by admin",""
"passed","Sun Jan 28 19:48:50 GMT 2024","Sun Jan 28 19:48:50 GMT 2024","141","","com.coursemanagement.integration.e2e.AuthenticationTest","","com.coursemanagement.integration.e2e.AuthenticationTest","testUserAuthenticationFlow","Test successful student login",""
"passed","Sun Jan 28 19:48:52 GMT 2024","Sun Jan 28 19:48:52 GMT 2024","40","","com.coursemanagement.integration.e2e.ResetPasswordTest","","com.coursemanagement.integration.e2e.ResetPasswordTest","testResetPasswordFlow","Test empty email request",""
"passed","Sun Jan 28 19:48:47 GMT 2024","Sun Jan 28 19:48:47 GMT 2024","100","","com.coursemanagement.integration.e2e.HomeworkManagementTest","","com.coursemanagement.integration.e2e.HomeworkManagementTest","testHomeworkUploadingFlow","Test homework uploading to not associated lesson",""
"passed","Sun Jan 28 19:48:51 GMT 2024","Sun Jan 28 19:48:51 GMT 2024","54","","com.coursemanagement.integration.e2e.CourseCompletionTest","","com.coursemanagement.integration.e2e.CourseCompletionTest","testCourseCompletionFlow","Test course completion when not all lessons are marked",""
"passed","Sun Jan 28 19:48:21 GMT 2024","Sun Jan 28 19:48:21 GMT 2024","3","","Test student course completion","","com.coursemanagement.unit.service.CourseManagementServiceImplTest$TestStudentCourseCompletion","testCompleteStudentCourseValidation","Not all lessons are graded",""
"passed","Sun Jan 28 19:48:21 GMT 2024","Sun Jan 28 19:48:21 GMT 2024","1","","Test enroll student in courses","","com.coursemanagement.unit.service.CourseManagementServiceImplTest$TestStudentCourseEnrollment","testEnrollStudentCourseAccessControl_ThrowException","Requested by student for another student",""
"passed","Sun Jan 28 19:48:41 GMT 2024","Sun Jan 28 19:48:41 GMT 2024","38","","com.coursemanagement.integration.repository.UserCourseRepositoryTest","","com.coursemanagement.integration.repository.UserCourseRepositoryTest","testFindUserCoursesByUserId_Course_Is_Fetched","Test find user courses by user id with fetched course",""
"passed","Sun Jan 28 19:48:26 GMT 2024","Sun Jan 28 19:48:26 GMT 2024","4","","com.coursemanagement.unit.resource.AuthenticationControllerTest","","com.coursemanagement.unit.resource.AuthenticationControllerTest","testRegistrationEndpoint_InvalidRequest","Test null email login request",""
"passed","Sun Jan 28 19:48:22 GMT 2024","Sun Jan 28 19:48:22 GMT 2024","1","","com.coursemanagement.unit.service.UserAssociationServiceImplTest","","com.coursemanagement.unit.service.UserAssociationServiceImplTest","testUserAssociationAccess","Test current user doesn't have access to their course",""
"passed","Sun Jan 28 19:48:21 GMT 2024","Sun Jan 28 19:48:21 GMT 2024","2","","Test enroll student in courses","","com.coursemanagement.unit.service.CourseManagementServiceImplTest$TestStudentCourseEnrollment","testEnrollStudentCourseAccessControl_ThrowException","Requested by admin for user without roles",""
"passed","Sun Jan 28 19:48:46 GMT 2024","Sun Jan 28 19:48:47 GMT 2024","98","","com.coursemanagement.integration.e2e.RoleAssignmentTest","","com.coursemanagement.integration.e2e.RoleAssignmentTest","testSuccessfulRoleAssignmentFlow","Test successful role assignment flow [1] role assignment = RoleAssignmentDto[userId=5, roles=[]]",""
"passed","Sun Jan 28 19:48:28 GMT 2024","Sun Jan 28 19:48:28 GMT 2024","26","","com.coursemanagement.unit.resource.AdminResourceTest","","com.coursemanagement.unit.resource.AdminResourceTest","testAdminUserCoursesEndpoint","Test unauthorized access to admins endpoint",""
"passed","Sun Jan 28 19:48:21 GMT 2024","Sun Jan 28 19:48:21 GMT 2024","3","","com.coursemanagement.unit.service.UserServiceImplTest","","com.coursemanagement.unit.service.UserServiceImplTest","testGetUser","Test resolve current user",""
"passed","Sun Jan 28 19:48:20 GMT 2024","Sun Jan 28 19:48:20 GMT 2024","2","","com.coursemanagement.unit.service.RoleManagementServiceImplTest","","com.coursemanagement.unit.service.RoleManagementServiceImplTest","testAddRoleToUser","Test add role to user",""
"passed","Sun Jan 28 19:48:41 GMT 2024","Sun Jan 28 19:48:41 GMT 2024","40","","com.coursemanagement.integration.repository.UserCourseRepositoryTest","","com.coursemanagement.integration.repository.UserCourseRepositoryTest","testFindStudentsByCourseCode_Not_Students","Test find students by course code should not contain other users",""
"passed","Sun Jan 28 19:48:52 GMT 2024","Sun Jan 28 19:48:52 GMT 2024","36","","com.coursemanagement.integration.e2e.ResetPasswordTest","","com.coursemanagement.integration.e2e.ResetPasswordTest","testResetPasswordFlow","Test invalid email request",""
"passed","Sun Jan 28 19:48:29 GMT 2024","Sun Jan 28 19:48:29 GMT 2024","17","","com.coursemanagement.unit.resource.CourseResourceTest","","com.coursemanagement.unit.resource.CourseResourceTest","testUserCoursesEndpoint","Test valid user course request",""
"passed","Sun Jan 28 19:48:28 GMT 2024","Sun Jan 28 19:48:28 GMT 2024","12","","com.coursemanagement.unit.resource.AdminResourceTest","","com.coursemanagement.unit.resource.AdminResourceTest","testAdminUserCoursesEndpoint","Test valid get user courses by user id request",""
"passed","Sun Jan 28 19:48:30 GMT 2024","Sun Jan 28 19:48:30 GMT 2024","21","","com.coursemanagement.unit.resource.CourseManagementResourceTest","","com.coursemanagement.unit.resource.CourseManagementResourceTest","testFeedbackSubmissionEndpoint","Test valid feedback submission request",""
"passed","Sun Jan 28 19:48:30 GMT 2024","Sun Jan 28 19:48:30 GMT 2024","6","","com.coursemanagement.unit.resource.CourseManagementResourceTest","","com.coursemanagement.unit.resource.CourseManagementResourceTest","testCourseCompletionEndpoint","Test exception deserialization",""
"passed","Sun Jan 28 19:48:26 GMT 2024","Sun Jan 28 19:48:26 GMT 2024","20","","com.coursemanagement.unit.resource.AuthenticationControllerTest","","com.coursemanagement.unit.resource.AuthenticationControllerTest","testRegistrationEndpoint_InvalidRequest","Test null password login request",""
"passed","Sun Jan 28 19:48:21 GMT 2024","Sun Jan 28 19:48:21 GMT 2024","1","","com.coursemanagement.unit.service.UserServiceImplTest","","com.coursemanagement.unit.service.UserServiceImplTest","testGetUser","Test get user by id",""
"passed","Sun Jan 28 19:48:30 GMT 2024","Sun Jan 28 19:48:30 GMT 2024","22","","com.coursemanagement.unit.resource.CourseManagementResourceTest","","com.coursemanagement.unit.resource.CourseManagementResourceTest","testFeedbackSubmissionEndpoint","Test unauthorized access to instructors endpoint",""
"passed","Sun Jan 28 19:48:21 GMT 2024","Sun Jan 28 19:48:22 GMT 2024","3","","com.coursemanagement.unit.service.MarkServiceImplTest","","com.coursemanagement.unit.service.MarkServiceImplTest","testGetMarks","Test get student course mark based on lesson marks",""
"passed","Sun Jan 28 19:48:47 GMT 2024","Sun Jan 28 19:48:47 GMT 2024","23","","com.coursemanagement.integration.e2e.RoleAssignmentTest","","com.coursemanagement.integration.e2e.RoleAssignmentTest","testFailureRoleAssignmentFlow","Test role assignment is not provided",""
"passed","Sun Jan 28 19:48:20 GMT 2024","Sun Jan 28 19:48:20 GMT 2024","12","","com.coursemanagement.unit.service.UserCourseServiceImplTest","","com.coursemanagement.unit.service.UserCourseServiceImplTest","testGetUserCourse","Test get students by course",""
"passed","Sun Jan 28 19:48:27 GMT 2024","Sun Jan 28 19:48:27 GMT 2024","13","","com.coursemanagement.unit.resource.HomeworkResourceTest","","com.coursemanagement.unit.resource.HomeworkResourceTest","testDownloadHomeworkEndpoint","Test valid homework downloading request",""
"passed","Sun Jan 28 19:48:20 GMT 2024","Sun Jan 28 19:48:20 GMT 2024","14","","Old tokens invalidation","","com.coursemanagement.unit.service.ConfirmationTokenServiceImplTest$OldTokenInvalidationTests","testOldTokensInvalidation","Verify old tokens get invalidated when a new confirmation token is created 1 old tokens are invalidated after EMAIL_CONFIRMATION is created",""
"passed","Sun Jan 28 19:48:46 GMT 2024","Sun Jan 28 19:48:46 GMT 2024","148","","com.coursemanagement.integration.e2e.CourseInformationTest","","com.coursemanagement.integration.e2e.CourseInformationTest","testGettingCourseInformation","Test student courses",""
"passed","Sun Jan 28 19:48:51 GMT 2024","Sun Jan 28 19:48:51 GMT 2024","31","","com.coursemanagement.integration.e2e.FeedbackSubmissionTest","","com.coursemanagement.integration.e2e.FeedbackSubmissionTest","testBadFeedbackSubmissionFlow","Test submission without specifying a student",""
"passed","Sun Jan 28 19:48:27 GMT 2024","Sun Jan 28 19:48:27 GMT 2024","3","","com.coursemanagement.unit.resource.HomeworkResourceTest","","com.coursemanagement.unit.resource.HomeworkResourceTest","testDownloadHomeworkEndpoint","Test unauthorized access to endpoint",""
"passed","Sun Jan 28 19:48:48 GMT 2024","Sun Jan 28 19:48:48 GMT 2024","62","","com.coursemanagement.integration.e2e.MarkAssignmentTest","","com.coursemanagement.integration.e2e.MarkAssignmentTest","testBadMarkAssignmentFlow","Test unauthorized mark assignment student access",""
"passed","Sun Jan 28 19:48:21 GMT 2024","Sun Jan 28 19:48:21 GMT 2024","3","","Test student course completion","","com.coursemanagement.unit.service.CourseManagementServiceImplTest$TestStudentCourseCompletion","testCompleteStudentCourseValidation","Final course mark is min course passing mark",""
"passed","Sun Jan 28 19:48:50 GMT 2024","Sun Jan 28 19:48:50 GMT 2024","72","","com.coursemanagement.integration.e2e.CourseEnrollmentTest","","com.coursemanagement.integration.e2e.CourseEnrollmentTest","testCourseEnrollmentFlow","Test unauthorized student enrollment access",""
"passed","Sun Jan 28 19:48:21 GMT 2024","Sun Jan 28 19:48:21 GMT 2024","10","","com.coursemanagement.unit.service.EmailServiceImplTest","","com.coursemanagement.unit.service.EmailServiceImplTest","testEmailCreation","Test email confirmation sending failure",""
"passed","Sun Jan 28 19:48:24 GMT 2024","Sun Jan 28 19:48:24 GMT 2024","8","","com.coursemanagement.unit.resource.ResetPasswordControllerTest","","com.coursemanagement.unit.resource.ResetPasswordControllerTest","testResetPasswordEndpoints_InvalidRequest","Test reset password endpoint without password",""
"passed","Sun Jan 28 19:48:47 GMT 2024","Sun Jan 28 19:48:47 GMT 2024","85","","com.coursemanagement.integration.e2e.RoleAssignmentTest","","com.coursemanagement.integration.e2e.RoleAssignmentTest","testSuccessfulRoleAssignmentFlow","Test successful role assignment flow [2] role assignment = RoleAssignmentDto[userId=5, roles=[STUDENT]]",""
"passed","Sun Jan 28 19:48:44 GMT 2024","Sun Jan 28 19:48:44 GMT 2024","14","","com.coursemanagement.integration.e2e.RegistrationTest","","com.coursemanagement.integration.e2e.RegistrationTest","testRegistrationFlow","Test user is not registered before registration",""
"passed","Sun Jan 28 19:48:20 GMT 2024","Sun Jan 28 19:48:20 GMT 2024","8","","Old tokens invalidation","","com.coursemanagement.unit.service.ConfirmationTokenServiceImplTest$OldTokenInvalidationTests","testOldTokensInvalidation","Verify old tokens get invalidated when a new confirmation token is created 2 old tokens are invalidated after RESET_PASSWORD is created",""
"passed","Sun Jan 28 19:48:27 GMT 2024","Sun Jan 28 19:48:27 GMT 2024","24","","com.coursemanagement.unit.resource.HomeworkResourceTest","","com.coursemanagement.unit.resource.HomeworkResourceTest","testDownloadHomeworkEndpoint","Test exception deserialization",""
"passed","Sun Jan 28 19:48:26 GMT 2024","Sun Jan 28 19:48:26 GMT 2024","17","","User login endpoint tests","","com.coursemanagement.unit.resource.AuthenticationControllerTest$LoginEndpointTests","testLoginEndpoint_BadCredentials","Test login endpoint with bad credentials",""
"passed","Sun Jan 28 19:48:21 GMT 2024","Sun Jan 28 19:48:21 GMT 2024","1","","com.coursemanagement.unit.service.HomeworkServiceImplTest","","com.coursemanagement.unit.service.HomeworkServiceImplTest","testHomeworkManagement","Test user is not associated with lesson file during downloading",""
"passed","Sun Jan 28 19:48:48 GMT 2024","Sun Jan 28 19:48:48 GMT 2024","151","","com.coursemanagement.integration.e2e.MarkAssignmentTest","","com.coursemanagement.integration.e2e.MarkAssignmentTest","testBadMarkAssignmentFlow","Test unauthorized mark assignment new user access",""
"passed","Sun Jan 28 19:48:20 GMT 2024","Sun Jan 28 19:48:20 GMT 2024","25","","com.coursemanagement.unit.service.UserCourseServiceImplTest","","com.coursemanagement.unit.service.UserCourseServiceImplTest","testGetUserCourse","Test get user course by user and course",""
"passed","Sun Jan 28 19:48:51 GMT 2024","Sun Jan 28 19:48:51 GMT 2024","59","","com.coursemanagement.integration.e2e.FeedbackSubmissionTest","","com.coursemanagement.integration.e2e.FeedbackSubmissionTest","testBadFeedbackSubmissionFlow","Test submission by a student",""
"passed","Sun Jan 28 19:48:47 GMT 2024","Sun Jan 28 19:48:47 GMT 2024","173","","com.coursemanagement.integration.e2e.HomeworkManagementTest","","com.coursemanagement.integration.e2e.HomeworkManagementTest","testHomeworkUploadingFlow","Test homework uploading to by another student",""
"passed","Sun Jan 28 19:48:50 GMT 2024","Sun Jan 28 19:48:50 GMT 2024","60","","com.coursemanagement.integration.e2e.CourseEnrollmentTest","","com.coursemanagement.integration.e2e.CourseEnrollmentTest","testCourseEnrollmentFlow","Test enroll already taken courses",""
"passed","Sun Jan 28 19:48:21 GMT 2024","Sun Jan 28 19:48:21 GMT 2024","1","","Test enroll student in courses","","com.coursemanagement.unit.service.CourseManagementServiceImplTest$TestStudentCourseEnrollment","testEnrollStudentInCourse_Success","Requested two new courses, where one of them is not found in addition to 4 existing",""
"passed","Sun Jan 28 19:48:42 GMT 2024","Sun Jan 28 19:48:42 GMT 2024","53","","com.coursemanagement.integration.repository.CourseRepositoryTest","","com.coursemanagement.integration.repository.CourseRepositoryTest","testFindCourseByCode_UserCourse_Is_Fetched","Test find course by code with fetched user courses",""
"passed","Sun Jan 28 19:48:24 GMT 2024","Sun Jan 28 19:48:24 GMT 2024","5","","com.coursemanagement.unit.resource.ResetPasswordControllerTest","","com.coursemanagement.unit.resource.ResetPasswordControllerTest","testResetPasswordEndpoints_InvalidRequest","Test reset password request endpoint without email parameter",""
"passed","Sun Jan 28 19:48:28 GMT 2024","Sun Jan 28 19:48:28 GMT 2024","8","","com.coursemanagement.unit.resource.AdminResourceTest","","com.coursemanagement.unit.resource.AdminResourceTest","testAdminUserCoursesEndpoint","Test exception deserialization",""
"passed","Sun Jan 28 19:48:30 GMT 2024","Sun Jan 28 19:48:30 GMT 2024","19","","com.coursemanagement.unit.resource.CourseManagementResourceTest","","com.coursemanagement.unit.resource.CourseManagementResourceTest","testCourseEnrollmentsEndpoint","Test exception deserialization",""
"passed","Sun Jan 28 19:48:30 GMT 2024","Sun Jan 28 19:48:30 GMT 2024","25","","com.coursemanagement.unit.resource.CourseManagementResourceTest","","com.coursemanagement.unit.resource.CourseManagementResourceTest","testCourseEnrollmentsEndpoint","Test valid course enrollment request",""
"passed","Sun Jan 28 19:48:30 GMT 2024","Sun Jan 28 19:48:30 GMT 2024","2","","com.coursemanagement.unit.resource.CourseManagementResourceTest","","com.coursemanagement.unit.resource.CourseManagementResourceTest","testFeedbackSubmissionEndpoint","Test empty body request",""
"passed","Sun Jan 28 19:48:22 GMT 2024","Sun Jan 28 19:48:22 GMT 2024","0","","com.coursemanagement.unit.service.UserAssociationServiceImplTest","","com.coursemanagement.unit.service.UserAssociationServiceImplTest","testUserAssociationAccess","Test current user has access to their lesson",""
"passed","Sun Jan 28 19:48:22 GMT 2024","Sun Jan 28 19:48:22 GMT 2024","1","","com.coursemanagement.unit.service.UserAssociationServiceImplTest","","com.coursemanagement.unit.service.UserAssociationServiceImplTest","testUserAssociationAccess","Test user access to their lesson file when the current user is different",""
"passed","Sun Jan 28 19:48:21 GMT 2024","Sun Jan 28 19:48:21 GMT 2024","2","","Test enroll student in courses","","com.coursemanagement.unit.service.CourseManagementServiceImplTest$TestStudentCourseEnrollment","testEnrollStudentInCourse_Success","Requested one new course in addition to 4 existing",""
"passed","Sun Jan 28 19:48:49 GMT 2024","Sun Jan 28 19:48:49 GMT 2024","149","","com.coursemanagement.integration.e2e.AuthenticationTest","","com.coursemanagement.integration.e2e.AuthenticationTest","testUserAuthenticationFlow","Test successful admin login",""
"passed","Sun Jan 28 19:48:46 GMT 2024","Sun Jan 28 19:48:46 GMT 2024","230","","com.coursemanagement.integration.e2e.InstructorAssignmentTest","","com.coursemanagement.integration.e2e.InstructorAssignmentTest","testInstructorAssignmentFlow","Test valid instructor assignment request",""
"passed","Sun Jan 28 19:48:46 GMT 2024","Sun Jan 28 19:48:46 GMT 2024","172","","com.coursemanagement.integration.e2e.CourseInformationTest","","com.coursemanagement.integration.e2e.CourseInformationTest","testGettingCourseInformation","Test instructor courses",""
"passed","Sun Jan 28 19:48:49 GMT 2024","Sun Jan 28 19:48:49 GMT 2024","87","","com.coursemanagement.integration.e2e.MarkAssignmentTest","","com.coursemanagement.integration.e2e.MarkAssignmentTest","testValidMarkAssignmentRequest","Test valid mark assignment request [7] Test valid mark assignment (ABOVE_AVERAGE) by instructor",""
"passed","Sun Jan 28 19:48:20 GMT 2024","Sun Jan 28 19:48:20 GMT 2024","7","","Token confirmation","","com.coursemanagement.unit.service.ConfirmationTokenServiceImplTest$TokenConfirmationTests","testValidTokenIsActivated","Test valid token is activated after confirmation 2 token type = RESET_PASSWORD",""
"passed","Sun Jan 28 19:48:27 GMT 2024","Sun Jan 28 19:48:27 GMT 2024","6","","com.coursemanagement.unit.resource.HomeworkResourceTest","","com.coursemanagement.unit.resource.HomeworkResourceTest","testUploadHomeworkEndpoint","Test unauthorized access to endpoint",""
"passed","Sun Jan 28 19:48:21 GMT 2024","Sun Jan 28 19:48:21 GMT 2024","1","","com.coursemanagement.unit.service.LessonServiceImplTest","","com.coursemanagement.unit.service.LessonServiceImplTest","testGetUserLessonsWithContentPerCourse","Test assign mark to user lesson",""
"passed","Sun Jan 28 19:48:48 GMT 2024","Sun Jan 28 19:48:48 GMT 2024","31","","com.coursemanagement.integration.e2e.MarkAssignmentTest","","com.coursemanagement.integration.e2e.MarkAssignmentTest","testBadMarkAssignmentFlow","Test mark assignment without specifying a lesson",""
"passed","Sun Jan 28 19:48:22 GMT 2024","Sun Jan 28 19:48:22 GMT 2024","0","","com.coursemanagement.unit.service.UserAssociationServiceImplTest","","com.coursemanagement.unit.service.UserAssociationServiceImplTest","testUserAssociationAccess","Test admin access to a lesson when the requested user have access",""
"passed","Sun Jan 28 19:48:21 GMT 2024","Sun Jan 28 19:48:21 GMT 2024","15","","Test enroll student in courses","","com.coursemanagement.unit.service.CourseManagementServiceImplTest$TestStudentCourseEnrollment","testEnrollStudentCourseAccessControl_ThrowException","Exceeded course limit at the same time",""
"broken","Sun Jan 28 19:48:45 GMT 2024","Sun Jan 28 19:48:45 GMT 2024","2","","com.coursemanagement.integration.e2e.RegistrationTest","","com.coursemanagement.integration.e2e.RegistrationTest","testRegistrationFlow","Test email confirmation receiving",""
"passed","Sun Jan 28 19:48:47 GMT 2024","Sun Jan 28 19:48:48 GMT 2024","50","","com.coursemanagement.integration.e2e.HomeworkManagementTest","","com.coursemanagement.integration.e2e.HomeworkManagementTest","testHomeworkUploadingFlow","Test valid homework uploading request with text file",""
"passed","Sun Jan 28 19:48:19 GMT 2024","Sun Jan 28 19:48:19 GMT 2024","253","","com.coursemanagement.unit.security.AuthenticationServiceImplTest","","com.coursemanagement.unit.security.AuthenticationServiceImplTest","testUserRegistration","Test user registration",""
"passed","Sun Jan 28 19:48:19 GMT 2024","Sun Jan 28 19:48:19 GMT 2024","27","","com.coursemanagement.unit.service.CourseServiceImplTest","","com.coursemanagement.unit.service.CourseServiceImplTest","testAddUserToCourses","Test add user to courses",""
"passed","Sun Jan 28 19:48:41 GMT 2024","Sun Jan 28 19:48:42 GMT 2024","41","","com.coursemanagement.integration.repository.UserCourseRepositoryTest","","com.coursemanagement.integration.repository.UserCourseRepositoryTest","testFindUserCourseByUserIdAndCourseCode_User_Is_Fetched","Test find user course by user id and course code with fetched user",""
"broken","Sun Jan 28 19:48:45 GMT 2024","Sun Jan 28 19:48:45 GMT 2024","5","","com.coursemanagement.integration.e2e.RegistrationTest","","com.coursemanagement.integration.e2e.RegistrationTest","testRegistrationFlow","Test user activation by confirmation token from email",""
"passed","Sun Jan 28 19:48:41 GMT 2024","Sun Jan 28 19:48:41 GMT 2024","38","","com.coursemanagement.integration.repository.UserCourseRepositoryTest","","com.coursemanagement.integration.repository.UserCourseRepositoryTest","testFindStudentsByCourseCode_Only_Students","Test find students by course code should contain only students",""
"passed","Sun Jan 28 19:48:28 GMT 2024","Sun Jan 28 19:48:28 GMT 2024","53","","com.coursemanagement.unit.resource.AdminResourceTest","","com.coursemanagement.unit.resource.AdminResourceTest","testAdminAllUsersEndpoint","Test valid get all users request",""
"passed","Sun Jan 28 19:48:28 GMT 2024","Sun Jan 28 19:48:28 GMT 2024","19","","com.coursemanagement.unit.resource.AdminResourceTest","","com.coursemanagement.unit.resource.AdminResourceTest","testAdminUserCourseDetailsEndpoint","Test unauthorized access to admins endpoint",""
"passed","Sun Jan 28 19:48:26 GMT 2024","Sun Jan 28 19:48:26 GMT 2024","3","","com.coursemanagement.unit.resource.AuthenticationControllerTest","","com.coursemanagement.unit.resource.AuthenticationControllerTest","testRegistrationEndpoint_InvalidRequest","Test null email registration request",""
"passed","Sun Jan 28 19:48:26 GMT 2024","Sun Jan 28 19:48:26 GMT 2024","15","","com.coursemanagement.unit.resource.AuthenticationControllerTest","","com.coursemanagement.unit.resource.AuthenticationControllerTest","testRegistrationEndpoint_InvalidRequest","Test empty email registration request",""
"passed","Sun Jan 28 19:48:47 GMT 2024","Sun Jan 28 19:48:47 GMT 2024","24","","com.coursemanagement.integration.e2e.RoleAssignmentTest","","com.coursemanagement.integration.e2e.RoleAssignmentTest","testFailureRoleAssignmentFlow","Test user id is null",""
"passed","Sun Jan 28 19:48:29 GMT 2024","Sun Jan 28 19:48:29 GMT 2024","5","","com.coursemanagement.unit.resource.CourseResourceTest","","com.coursemanagement.unit.resource.CourseResourceTest","testUserCoursesEndpoint","Test unauthorized access to endpoint",""
"passed","Sun Jan 28 19:48:21 GMT 2024","Sun Jan 28 19:48:21 GMT 2024","9","","com.coursemanagement.unit.service.EmailServiceImplTest","","com.coursemanagement.unit.service.EmailServiceImplTest","testEmailCreation","Test reset password confirmation sending failure",""
"passed","Sun Jan 28 19:48:21 GMT 2024","Sun Jan 28 19:48:21 GMT 2024","4","","com.coursemanagement.unit.service.UserServiceImplTest","","com.coursemanagement.unit.service.UserServiceImplTest","testGetUser","Test get user by email",""
"passed","Sun Jan 28 19:48:47 GMT 2024","Sun Jan 28 19:48:47 GMT 2024","22","","com.coursemanagement.integration.e2e.RoleAssignmentTest","","com.coursemanagement.integration.e2e.RoleAssignmentTest","testFailureRoleAssignmentFlow","Test roles are null",""
"passed","Sun Jan 28 19:48:50 GMT 2024","Sun Jan 28 19:48:50 GMT 2024","37","","com.coursemanagement.integration.e2e.CourseEnrollmentTest","","com.coursemanagement.integration.e2e.CourseEnrollmentTest","testCourseEnrollmentFlow","Test out of limit course enrollment",""
"passed","Sun Jan 28 19:48:49 GMT 2024","Sun Jan 28 19:48:49 GMT 2024","79","","com.coursemanagement.integration.e2e.MarkAssignmentTest","","com.coursemanagement.integration.e2e.MarkAssignmentTest","testValidMarkAssignmentRequest","Test valid mark assignment request [9] Test valid mark assignment (EXCELLENT) by instructor",""
"broken","Sun Jan 28 19:48:51 GMT 2024","Sun Jan 28 19:48:51 GMT 2024","1","","com.coursemanagement.integration.e2e.ResetPasswordTest","","com.coursemanagement.integration.e2e.ResetPasswordTest","testResetPasswordFlow","Test confirmation token creation",""
"passed","Sun Jan 28 19:48:26 GMT 2024","Sun Jan 28 19:48:26 GMT 2024","7","","com.coursemanagement.unit.resource.AuthenticationControllerTest","","com.coursemanagement.unit.resource.AuthenticationControllerTest","testRegistrationEndpoint_InvalidRequest","Test empty password login request",""
"passed","Sun Jan 28 19:48:20 GMT 2024","Sun Jan 28 19:48:20 GMT 2024","20","","com.coursemanagement.unit.service.FeedbackServiceImplTest","","com.coursemanagement.unit.service.FeedbackServiceImplTest","testGetStudentCourseFeedback","Test get feedback for student course",""
"passed","Sun Jan 28 19:48:28 GMT 2024","Sun Jan 28 19:48:28 GMT 2024","16","","com.coursemanagement.unit.resource.AdminResourceTest","","com.coursemanagement.unit.resource.AdminResourceTest","testAdminUserByIdEndpoint","Test valid get user by id request",""
"passed","Sun Jan 28 19:48:28 GMT 2024","Sun Jan 28 19:48:28 GMT 2024","45","","com.coursemanagement.unit.resource.AdminResourceTest","","com.coursemanagement.unit.resource.AdminResourceTest","testAdminStudentCourseMarkEndpoint","Test exception deserialization",""
"passed","Sun Jan 28 19:48:51 GMT 2024","Sun Jan 28 19:48:51 GMT 2024","27","","com.coursemanagement.integration.e2e.FeedbackSubmissionTest","","com.coursemanagement.integration.e2e.FeedbackSubmissionTest","testBadFeedbackSubmissionFlow","Test submission without specifying a course",""
"passed","Sun Jan 28 19:48:29 GMT 2024","Sun Jan 28 19:48:29 GMT 2024","18","","com.coursemanagement.unit.resource.CourseResourceTest","","com.coursemanagement.unit.resource.CourseResourceTest","testStudentsPerCourseEndpoint","Test exception deserialization",""
"passed","Sun Jan 28 19:48:22 GMT 2024","Sun Jan 28 19:48:22 GMT 2024","6","","com.coursemanagement.unit.service.MarkServiceImplTest","","com.coursemanagement.unit.service.MarkServiceImplTest","testStudentMarkAssignment","Test student mark assignment",""
"passed","Sun Jan 28 19:48:45 GMT 2024","Sun Jan 28 19:48:45 GMT 2024","35","","com.coursemanagement.integration.e2e.RegistrationTest","","com.coursemanagement.integration.e2e.RegistrationTest","testRegistrationFlow","Test user registration with empty email",""
"passed","Sun Jan 28 19:48:20 GMT 2024","Sun Jan 28 19:48:20 GMT 2024","8","","Token confirmation","","com.coursemanagement.unit.service.ConfirmationTokenServiceImplTest$TokenConfirmationTests","testValidTokenIsActivated","Test valid token is activated after confirmation 1 token type = EMAIL_CONFIRMATION",""
"passed","Sun Jan 28 19:48:20 GMT 2024","Sun Jan 28 19:48:20 GMT 2024","11","","com.coursemanagement.unit.service.UserCourseServiceImplTest","","com.coursemanagement.unit.service.UserCourseServiceImplTest","testGetUserCourse","Test get user course summaries by user",""
"passed","Sun Jan 28 19:48:22 GMT 2024","Sun Jan 28 19:48:22 GMT 2024","0","","com.coursemanagement.unit.service.UserAssociationServiceImplTest","","com.coursemanagement.unit.service.UserAssociationServiceImplTest","testUserAssociationAccess","Test user access to their course when the current user is different",""
"passed","Sun Jan 28 19:48:30 GMT 2024","Sun Jan 28 19:48:30 GMT 2024","17","","com.coursemanagement.unit.resource.CourseManagementResourceTest","","com.coursemanagement.unit.resource.CourseManagementResourceTest","testAssignInstructorToCourseEndpoint","Test exception deserialization",""
"passed","Sun Jan 28 19:48:29 GMT 2024","Sun Jan 28 19:48:29 GMT 2024","18","","com.coursemanagement.unit.resource.CourseResourceTest","","com.coursemanagement.unit.resource.CourseResourceTest","testStudentsPerCourseEndpoint","Test valid students per course request",""
"passed","Sun Jan 28 19:48:24 GMT 2024","Sun Jan 28 19:48:24 GMT 2024","3","","com.coursemanagement.unit.resource.ResetPasswordControllerTest","","com.coursemanagement.unit.resource.ResetPasswordControllerTest","testResetPasswordEndpoints_InvalidRequest","Test reset password endpoint without request body",""
"passed","Sun Jan 28 19:48:20 GMT 2024","Sun Jan 28 19:48:20 GMT 2024","6","","com.coursemanagement.unit.service.UserCourseServiceImplTest","","com.coursemanagement.unit.service.UserCourseServiceImplTest","testGetUserCourse","Test user course details",""
"passed","Sun Jan 28 19:48:21 GMT 2024","Sun Jan 28 19:48:21 GMT 2024","3","","com.coursemanagement.unit.service.EncryptionServiceImplTest","","com.coursemanagement.unit.service.EncryptionServiceImplTest","testUrlTokenEncryption","Test throwing exception while token encryption",""
"passed","Sun Jan 28 19:48:51 GMT 2024","Sun Jan 28 19:48:51 GMT 2024","43","","com.coursemanagement.integration.e2e.FeedbackSubmissionTest","","com.coursemanagement.integration.e2e.FeedbackSubmissionTest","testBadFeedbackSubmissionFlow","Test submission without specifying an instructor",""
"passed","Sun Jan 28 19:48:22 GMT 2024","Sun Jan 28 19:48:22 GMT 2024","0","","com.coursemanagement.unit.service.UserAssociationServiceImplTest","","com.coursemanagement.unit.service.UserAssociationServiceImplTest","testUserAssociationAccess","Test current user access to another user",""
"passed","Sun Jan 28 19:48:21 GMT 2024","Sun Jan 28 19:48:21 GMT 2024","2","","com.coursemanagement.unit.service.HomeworkServiceImplTest","","com.coursemanagement.unit.service.HomeworkServiceImplTest","testHomeworkDownloading","Test homework file downloading",""
"passed","Sun Jan 28 19:48:22 GMT 2024","Sun Jan 28 19:48:22 GMT 2024","0","","com.coursemanagement.unit.service.UserAssociationServiceImplTest","","com.coursemanagement.unit.service.UserAssociationServiceImplTest","testUserAssociationAccess","Test current user has access to their lesson file",""
"passed","Sun Jan 28 19:48:50 GMT 2024","Sun Jan 28 19:48:50 GMT 2024","29","","com.coursemanagement.integration.e2e.CourseCompletionTest","","com.coursemanagement.integration.e2e.CourseCompletionTest","testCourseCompletionFlow","Test course completion request without course code",""
"passed","Sun Jan 28 19:48:30 GMT 2024","Sun Jan 28 19:48:30 GMT 2024","20","","com.coursemanagement.unit.resource.CourseManagementResourceTest","","com.coursemanagement.unit.resource.CourseManagementResourceTest","testCourseCompletionEndpoint","Test valid course completion request",""
"passed","Sun Jan 28 19:48:48 GMT 2024","Sun Jan 28 19:48:48 GMT 2024","63","","com.coursemanagement.integration.e2e.MarkAssignmentTest","","com.coursemanagement.integration.e2e.MarkAssignmentTest","testBadMarkAssignmentFlow","Test mark assignment without specifying an instructor",""
"passed","Sun Jan 28 19:48:26 GMT 2024","Sun Jan 28 19:48:26 GMT 2024","3","","com.coursemanagement.unit.resource.AuthenticationControllerTest","","com.coursemanagement.unit.resource.AuthenticationControllerTest","testRegistrationEndpoint_InvalidRequest","Test invalid email registration request",""
"passed","Sun Jan 28 19:48:27 GMT 2024","Sun Jan 28 19:48:27 GMT 2024","22","","com.coursemanagement.unit.resource.HomeworkResourceTest","","com.coursemanagement.unit.resource.HomeworkResourceTest","testUploadHomeworkEndpoint","Test valid homework uploading request with text file",""
"passed","Sun Jan 28 19:48:20 GMT 2024","Sun Jan 28 19:48:20 GMT 2024","15","","com.coursemanagement.unit.service.FeedbackServiceImplTest","","com.coursemanagement.unit.service.FeedbackServiceImplTest","testFeedbackSubmission","Test feedback submission",""
"passed","Sun Jan 28 19:48:26 GMT 2024","Sun Jan 28 19:48:26 GMT 2024","44","","User registration endpoint tests","","com.coursemanagement.unit.resource.AuthenticationControllerTest$RegistrationEndpointTests","testRegistrationEndpoint_AlreadyTakenEmail","Test registration endpoint when email is already taken",""
"passed","Sun Jan 28 19:48:30 GMT 2024","Sun Jan 28 19:48:30 GMT 2024","3","","com.coursemanagement.unit.resource.CourseManagementResourceTest","","com.coursemanagement.unit.resource.CourseManagementResourceTest","testCourseCompletionEndpoint","Test empty body request",""
"passed","Sun Jan 28 19:48:26 GMT 2024","Sun Jan 28 19:48:26 GMT 2024","5","","com.coursemanagement.unit.resource.AuthenticationControllerTest","","com.coursemanagement.unit.resource.AuthenticationControllerTest","testRegistrationEndpoint_InvalidRequest","Test invalid email login request",""
"passed","Sun Jan 28 19:48:28 GMT 2024","Sun Jan 28 19:48:28 GMT 2024","11","","com.coursemanagement.unit.resource.AdminResourceTest","","com.coursemanagement.unit.resource.AdminResourceTest","testAdminAllUsersEndpoint","Test unauthorized access to admins endpoint",""
"passed","Sun Jan 28 19:48:26 GMT 2024","Sun Jan 28 19:48:26 GMT 2024","29","","Email confirmation endpoint tests","","com.coursemanagement.unit.resource.AuthenticationControllerTest$EmailConfirmationEndpointTests","testEmailConfirmationEndpoint_TokenIsPresent","Test email confirmation endpoint with valid confirmation token",""
"passed","Sun Jan 28 19:48:29 GMT 2024","Sun Jan 28 19:48:29 GMT 2024","7","","com.coursemanagement.unit.resource.CourseResourceTest","","com.coursemanagement.unit.resource.CourseResourceTest","testUserCoursesByCourseCodeEndpoint","Test unauthorized access to endpoint",""
"passed","Sun Jan 28 19:48:27 GMT 2024","Sun Jan 28 19:48:27 GMT 2024","17","","com.coursemanagement.unit.resource.UserResourceTest","","com.coursemanagement.unit.resource.UserResourceTest","testCurrentUserEndpoint","Test valid current user request",""
"failed","Sun Jan 28 19:48:45 GMT 2024","Sun Jan 28 19:48:45 GMT 2024","111","","com.coursemanagement.integration.e2e.RegistrationTest","","com.coursemanagement.integration.e2e.RegistrationTest","testRegistrationFlow","Test user registration with already existing email",""
"passed","Sun Jan 28 19:48:30 GMT 2024","Sun Jan 28 19:48:30 GMT 2024","5","","com.coursemanagement.unit.resource.CourseManagementResourceTest","","com.coursemanagement.unit.resource.CourseManagementResourceTest","testAssignInstructorToCourseEndpoint","Test empty body request",""
"passed","Sun Jan 28 19:48:25 GMT 2024","Sun Jan 28 19:48:25 GMT 2024","53","","com.coursemanagement.unit.resource.LessonResourceTest","","com.coursemanagement.unit.resource.LessonResourceTest","testAssignMarkEndpoint","Test unauthorized access to instructor's endpoint",""
"passed","Sun Jan 28 19:48:29 GMT 2024","Sun Jan 28 19:48:29 GMT 2024","7","","com.coursemanagement.unit.resource.CourseResourceTest","","com.coursemanagement.unit.resource.CourseResourceTest","testUserLessonPerCourseEndpoint","Test exception deserialization",""
"passed","Sun Jan 28 19:48:28 GMT 2024","Sun Jan 28 19:48:28 GMT 2024","7","","com.coursemanagement.unit.resource.AdminResourceTest","","com.coursemanagement.unit.resource.AdminResourceTest","testAdminStudentLessonsPerCourseEndpoint","Test exception deserialization",""
"passed","Sun Jan 28 19:48:22 GMT 2024","Sun Jan 28 19:48:22 GMT 2024","1","","com.coursemanagement.unit.service.UserAssociationServiceImplTest","","com.coursemanagement.unit.service.UserAssociationServiceImplTest","testUserAssociationAccess","Test admin access to a course when the requested user have access",""
"passed","Sun Jan 28 19:48:29 GMT 2024","Sun Jan 28 19:48:29 GMT 2024","24","","com.coursemanagement.unit.resource.CourseResourceTest","","com.coursemanagement.unit.resource.CourseResourceTest","testUserCoursesEndpoint","Test exception deserialization",""
"passed","Sun Jan 28 19:48:20 GMT 2024","Sun Jan 28 19:48:20 GMT 2024","3","","com.coursemanagement.unit.service.FeedbackServiceImplTest","","com.coursemanagement.unit.service.FeedbackServiceImplTest","testFeedbackSubmission","Test current user is neither admin or instructor",""
"passed","Sun Jan 28 19:48:19 GMT 2024","Sun Jan 28 19:48:19 GMT 2024","170","","com.coursemanagement.unit.service.CourseServiceImplTest","","com.coursemanagement.unit.service.CourseServiceImplTest","testGetCourseByCode","Test get course by course code",""
"passed","Sun Jan 28 19:48:40 GMT 2024","Sun Jan 28 19:48:40 GMT 2024","56","","com.coursemanagement.integration.repository.UserRepositoryTest","","com.coursemanagement.integration.repository.UserRepositoryTest","testFindUserById_Roles_Are_Fetched","Test find user by id with fetched roles",""
"passed","Sun Jan 28 19:48:26 GMT 2024","Sun Jan 28 19:48:26 GMT 2024","3","","com.coursemanagement.unit.resource.AuthenticationControllerTest","","com.coursemanagement.unit.resource.AuthenticationControllerTest","testRegistrationEndpoint_InvalidRequest","Test empty password registration request",""
"passed","Sun Jan 28 19:48:21 GMT 2024","Sun Jan 28 19:48:21 GMT 2024","1","","Test enroll student in courses","","com.coursemanagement.unit.service.CourseManagementServiceImplTest$TestStudentCourseEnrollment","testEnrollStudentInCourse_Success","Requested two new courses that were not found",""
"passed","Sun Jan 28 19:48:40 GMT 2024","Sun Jan 28 19:48:40 GMT 2024","178","","com.coursemanagement.integration.repository.UserRepositoryTest","","com.coursemanagement.integration.repository.UserRepositoryTest","testFindUserByEmail_Roles_Are_Fetched","Test find user by email with fetched roles",""
"passed","Sun Jan 28 19:48:22 GMT 2024","Sun Jan 28 19:48:22 GMT 2024","0","","com.coursemanagement.unit.service.UserAssociationServiceImplTest","","com.coursemanagement.unit.service.UserAssociationServiceImplTest","testUserAssociationAccess","Test current user doesn't have access to their lesson",""
"passed","Sun Jan 28 19:48:28 GMT 2024","Sun Jan 28 19:48:28 GMT 2024","9","","com.coursemanagement.unit.resource.AdminResourceTest","","com.coursemanagement.unit.resource.AdminResourceTest","testAdminStudentLessonsPerCourseEndpoint","Test unauthorized access to admins endpoint",""
"passed","Sun Jan 28 19:48:21 GMT 2024","Sun Jan 28 19:48:21 GMT 2024","6","","Test instructor assigment","","com.coursemanagement.unit.service.CourseManagementServiceImplTest$InstructorAssigmentTests","testShouldPassInstructorAssigment_ValidUserRole","Test assign user with role instructor to course",""
"passed","Sun Jan 28 19:48:20 GMT 2024","Sun Jan 28 19:48:20 GMT 2024","4","","Token confirmation","","com.coursemanagement.unit.service.ConfirmationTokenServiceImplTest$TokenConfirmationTests","testThrowSystemExceptionWhenTokenIsInvalid","Test token: RESET_PASSWORD with status: ACTIVATED expired: false",""
"passed","Sun Jan 28 19:48:21 GMT 2024","Sun Jan 28 19:48:21 GMT 2024","48","","com.coursemanagement.unit.service.FileServiceImplTest","","com.coursemanagement.unit.service.FileServiceImplTest","testGetFileById","Test get file by id",""
"passed","Sun Jan 28 19:48:20 GMT 2024","Sun Jan 28 19:48:20 GMT 2024","33","","com.coursemanagement.unit.service.UserCourseServiceImplTest","","com.coursemanagement.unit.service.UserCourseServiceImplTest","testSaveUserCourse","Test save user course",""
"passed","Sun Jan 28 19:48:22 GMT 2024","Sun Jan 28 19:48:22 GMT 2024","1","","com.coursemanagement.unit.service.UserAssociationServiceImplTest","","com.coursemanagement.unit.service.UserAssociationServiceImplTest","testUserAssociationAccess","Test admin access to a lesson when the requested user doesn't have access",""
"passed","Sun Jan 28 19:48:41 GMT 2024","Sun Jan 28 19:48:41 GMT 2024","52","","com.coursemanagement.integration.repository.LessonMarkRepositoryTest","","com.coursemanagement.integration.repository.LessonMarkRepositoryTest","testFindLessonMarkById_Instructor_Is_Fetched","Test find lesson mark by id with fetched instructor",""
"passed","Sun Jan 28 19:48:20 GMT 2024","Sun Jan 28 19:48:21 GMT 2024","13","","com.coursemanagement.unit.service.EmailServiceImplTest","","com.coursemanagement.unit.service.EmailServiceImplTest","testEmailCreation","Test reset password confirmation",""
"passed","Sun Jan 28 19:48:51 GMT 2024","Sun Jan 28 19:48:51 GMT 2024","44","","com.coursemanagement.integration.e2e.CourseCompletionTest","","com.coursemanagement.integration.e2e.CourseCompletionTest","testCourseCompletionFlow","Test course completion when all lessons are marked below allowed percent",""
"passed","Sun Jan 28 19:48:22 GMT 2024","Sun Jan 28 19:48:22 GMT 2024","1","","com.coursemanagement.unit.service.UserAssociationServiceImplTest","","com.coursemanagement.unit.service.UserAssociationServiceImplTest","testUserAssociationAccess","Test current user access",""
"passed","Sun Jan 28 19:48:41 GMT 2024","Sun Jan 28 19:48:41 GMT 2024","60","","com.coursemanagement.integration.repository.UserCourseRepositoryTest","","com.coursemanagement.integration.repository.UserCourseRepositoryTest","testFindUserCoursesByUserId_User_Is_Fetched","Test find user courses by user id with fetched user",""
"passed","Sun Jan 28 19:48:19 GMT 2024","Sun Jan 28 19:48:19 GMT 2024","7","","com.coursemanagement.unit.security.AuthenticationServiceImplTest","","com.coursemanagement.unit.security.AuthenticationServiceImplTest","testAuthenticateUser","Test authenticate user",""
"passed","Sun Jan 28 19:48:22 GMT 2024","Sun Jan 28 19:48:22 GMT 2024","0","","com.coursemanagement.unit.service.UserAssociationServiceImplTest","","com.coursemanagement.unit.service.UserAssociationServiceImplTest","testUserAssociationAccess","Test admin access to a lesson file when the requested user doesn't have access",""
"passed","Sun Jan 28 19:48:28 GMT 2024","Sun Jan 28 19:48:28 GMT 2024","16","","com.coursemanagement.unit.resource.AdminResourceTest","","com.coursemanagement.unit.resource.AdminResourceTest","testAdminAssignRoleEndpoint","Test empty body request",""
"passed","Sun Jan 28 19:48:24 GMT 2024","Sun Jan 28 19:48:24 GMT 2024","6","","com.coursemanagement.unit.resource.ResetPasswordControllerTest","","com.coursemanagement.unit.resource.ResetPasswordControllerTest","testResetPasswordEndpoints_InvalidRequest","Test reset password confirm endpoint without token parameter",""
"passed","Sun Jan 28 19:48:20 GMT 2024","Sun Jan 28 19:48:20 GMT 2024","15","","Token confirmation","","com.coursemanagement.unit.service.ConfirmationTokenServiceImplTest$TokenConfirmationTests","testFindConfirmationTokenByTokenAndTypeExist","Test token confirmation by token and type when token exists 2 token type = RESET_PASSWORD",""
"passed","Sun Jan 28 19:48:22 GMT 2024","Sun Jan 28 19:48:22 GMT 2024","0","","com.coursemanagement.unit.service.MarkServiceImplTest","","com.coursemanagement.unit.service.MarkServiceImplTest","testGetMarks","Test get student course mark without lesson marks",""
"passed","Sun Jan 28 19:48:28 GMT 2024","Sun Jan 28 19:48:28 GMT 2024","10","","com.coursemanagement.unit.resource.AdminResourceTest","","com.coursemanagement.unit.resource.AdminResourceTest","testAdminAllUsersEndpoint","Test exception deserialization",""
"passed","Sun Jan 28 19:48:50 GMT 2024","Sun Jan 28 19:48:50 GMT 2024","26","","com.coursemanagement.integration.e2e.AuthenticationTest","","com.coursemanagement.integration.e2e.AuthenticationTest","testUserAuthenticationFlow","Test user login without email",""
"passed","Sun Jan 28 19:48:26 GMT 2024","Sun Jan 28 19:48:26 GMT 2024","4","","com.coursemanagement.unit.resource.AuthenticationControllerTest","","com.coursemanagement.unit.resource.AuthenticationControllerTest","testRegistrationEndpoint_InvalidRequest","Test null password registration request",""
"passed","Sun Jan 28 19:48:21 GMT 2024","Sun Jan 28 19:48:21 GMT 2024","5","","Test instructor assigment","","com.coursemanagement.unit.service.CourseManagementServiceImplTest$InstructorAssigmentTests","testShouldThrowException_InvalidUserRole","Test throwing exception when expected user is not instructor",""
"passed","Sun Jan 28 19:48:17 GMT 2024","Sun Jan 28 19:48:17 GMT 2024","21","","com.coursemanagement.CourseManagementApplicationTests","","com.coursemanagement.CourseManagementApplicationTests","contextLoads","contextLoads()",""
"passed","Sun Jan 28 19:48:20 GMT 2024","Sun Jan 28 19:48:20 GMT 2024","8","","Token confirmation","","com.coursemanagement.unit.service.ConfirmationTokenServiceImplTest$TokenConfirmationTests","testThrowSystemExceptionWhenTokenAndTypeDoNotExist","Test throwing system exception when token doesn't exist 1 token type = EMAIL_CONFIRMATION",""
"passed","Sun Jan 28 19:48:20 GMT 2024","Sun Jan 28 19:48:20 GMT 2024","6","","com.coursemanagement.unit.service.UserCourseServiceImplTest","","com.coursemanagement.unit.service.UserCourseServiceImplTest","testGetUserCourse","Test get user courses by user",""
"passed","Sun Jan 28 19:48:21 GMT 2024","Sun Jan 28 19:48:21 GMT 2024","4","","com.coursemanagement.unit.service.FileServiceImplTest","","com.coursemanagement.unit.service.FileServiceImplTest","testFileSaving","Test file saving",""
"passed","Sun Jan 28 19:48:25 GMT 2024","Sun Jan 28 19:48:25 GMT 2024","41","","com.coursemanagement.unit.resource.LessonResourceTest","","com.coursemanagement.unit.resource.LessonResourceTest","testAssignMarkEndpoint","Test valid mark assigment request",""
"passed","Sun Jan 28 19:48:19 GMT 2024","Sun Jan 28 19:48:19 GMT 2024","353","","com.coursemanagement.unit.security.AuthenticationServiceImplTest","","com.coursemanagement.unit.security.AuthenticationServiceImplTest","testEmailAlreadyExist","Test existing email validation",""
"passed","Sun Jan 28 19:48:29 GMT 2024","Sun Jan 28 19:48:29 GMT 2024","18","","com.coursemanagement.unit.resource.CourseResourceTest","","com.coursemanagement.unit.resource.CourseResourceTest","testUserCoursesByCourseCodeEndpoint","Test exception deserialization",""
"failed","Sun Jan 28 19:48:51 GMT 2024","Sun Jan 28 19:48:51 GMT 2024","53","","com.coursemanagement.integration.e2e.ResetPasswordTest","","com.coursemanagement.integration.e2e.ResetPasswordTest","testResetPasswordFlow","Test sending request to reset password",""
"passed","Sun Jan 28 19:48:29 GMT 2024","Sun Jan 28 19:48:29 GMT 2024","16","","com.coursemanagement.unit.resource.CourseResourceTest","","com.coursemanagement.unit.resource.CourseResourceTest","testUserLessonPerCourseEndpoint","Test unauthorized access to endpoint",""
"passed","Sun Jan 28 19:48:21 GMT 2024","Sun Jan 28 19:48:21 GMT 2024","3","","com.coursemanagement.unit.service.UserServiceImplTest","","com.coursemanagement.unit.service.UserServiceImplTest","testGetUser","Test user activation",""
"passed","Sun Jan 28 19:48:51 GMT 2024","Sun Jan 28 19:48:51 GMT 2024","58","","com.coursemanagement.integration.e2e.CourseCompletionTest","","com.coursemanagement.integration.e2e.CourseCompletionTest","testCourseCompletionFlow","Test course completion when all lessons are marked equal to allowed percent",""
"passed","Sun Jan 28 19:48:47 GMT 2024","Sun Jan 28 19:48:47 GMT 2024","57","","com.coursemanagement.integration.e2e.HomeworkManagementTest","","com.coursemanagement.integration.e2e.HomeworkManagementTest","testHomeworkUploadingFlow","Test homework uploading without lesson id",""
"passed","Sun Jan 28 19:48:51 GMT 2024","Sun Jan 28 19:48:51 GMT 2024","52","","com.coursemanagement.integration.e2e.FeedbackSubmissionTest","","com.coursemanagement.integration.e2e.FeedbackSubmissionTest","testValidFeedbackSubmissionFlow","Test submission by an instructor",""
"passed","Sun Jan 28 19:48:21 GMT 2024","Sun Jan 28 19:48:21 GMT 2024","1","","com.coursemanagement.unit.service.ResetPasswordServiceImplTest","","com.coursemanagement.unit.service.ResetPasswordServiceImplTest","testResetPasswordFlows","Test email validation during password reset",""
"passed","Sun Jan 28 19:48:28 GMT 2024","Sun Jan 28 19:48:28 GMT 2024","14","","com.coursemanagement.unit.resource.AdminResourceTest","","com.coursemanagement.unit.resource.AdminResourceTest","testAdminStudentCourseMarkEndpoint","Test valid get student course mark request",""
"passed","Sun Jan 28 19:48:45 GMT 2024","Sun Jan 28 19:48:45 GMT 2024","351","","com.coursemanagement.integration.e2e.InstructorAssignmentTest","","com.coursemanagement.integration.e2e.InstructorAssignmentTest","testInstructorAssignmentFlow","Test potential instructor doesn't have respective role",""
"passed","Sun Jan 28 19:48:21 GMT 2024","Sun Jan 28 19:48:21 GMT 2024","1","","com.coursemanagement.unit.service.LessonServiceImplTest","","com.coursemanagement.unit.service.LessonServiceImplTest","testGetUserLessonsWithContentPerCourse","Test mark assignment validation when student doesn't have access to lesson",""
"passed","Sun Jan 28 19:48:21 GMT 2024","Sun Jan 28 19:48:21 GMT 2024","80","","com.coursemanagement.unit.service.HomeworkServiceImplTest","","com.coursemanagement.unit.service.HomeworkServiceImplTest","tesHomeworkUploading","Test homework file uploading",""
"passed","Sun Jan 28 19:48:20 GMT 2024","Sun Jan 28 19:48:20 GMT 2024","93","","com.coursemanagement.unit.service.EmailServiceImplTest","","com.coursemanagement.unit.service.EmailServiceImplTest","testEmailCreation","Test email confirmation",""
"passed","Sun Jan 28 19:48:50 GMT 2024","Sun Jan 28 19:48:50 GMT 2024","27","","com.coursemanagement.integration.e2e.AuthenticationTest","","com.coursemanagement.integration.e2e.AuthenticationTest","testUserAuthenticationFlow","Test user login with invalid email",""
"passed","Sun Jan 28 19:48:28 GMT 2024","Sun Jan 28 19:48:28 GMT 2024","20","","com.coursemanagement.unit.resource.AdminResourceTest","","com.coursemanagement.unit.resource.AdminResourceTest","testAdminStudentCourseMarkEndpoint","Test unauthorized access to admins endpoint",""
"passed","Sun Jan 28 19:48:51 GMT 2024","Sun Jan 28 19:48:51 GMT 2024","48","","com.coursemanagement.integration.e2e.FeedbackSubmissionTest","","com.coursemanagement.integration.e2e.FeedbackSubmissionTest","testBadFeedbackSubmissionFlow","Test submission by an instructor using the student's ID as the instructor ID",""
"passed","Sun Jan 28 19:48:50 GMT 2024","Sun Jan 28 19:48:50 GMT 2024","34","","com.coursemanagement.integration.e2e.CourseCompletionTest","","com.coursemanagement.integration.e2e.CourseCompletionTest","testCourseCompletionFlow","Test course completion request without student id",""
"passed","Sun Jan 28 19:48:21 GMT 2024","Sun Jan 28 19:48:21 GMT 2024","1","","com.coursemanagement.unit.service.LessonServiceImplTest","","com.coursemanagement.unit.service.LessonServiceImplTest","testGetUserLessonsWithContentPerCourse","Test mark assignment validation when current user doesn't have access to instructor",""
"passed","Sun Jan 28 19:48:29 GMT 2024","Sun Jan 28 19:48:29 GMT 2024","11","","com.coursemanagement.unit.resource.CourseResourceTest","","com.coursemanagement.unit.resource.CourseResourceTest","testStudentsPerCourseEndpoint","Test unauthorized access to endpoint",""
"passed","Sun Jan 28 19:48:50 GMT 2024","Sun Jan 28 19:48:50 GMT 2024","60","","com.coursemanagement.integration.e2e.CourseEnrollmentTest","","com.coursemanagement.integration.e2e.CourseEnrollmentTest","testCourseEnrollmentFlow","Test enroll one more course to the end of the Limit",""
"passed","Sun Jan 28 19:48:47 GMT 2024","Sun Jan 28 19:48:47 GMT 2024","76","","com.coursemanagement.integration.e2e.RoleAssignmentTest","","com.coursemanagement.integration.e2e.RoleAssignmentTest","testSuccessfulRoleAssignmentFlow","Test successful role assignment flow [6] role assignment = RoleAssignmentDto[userId=5, roles=[ADMIN]]",""
"passed","Sun Jan 28 19:48:26 GMT 2024","Sun Jan 28 19:48:26 GMT 2024","6","","com.coursemanagement.unit.resource.AuthenticationControllerTest","","com.coursemanagement.unit.resource.AuthenticationControllerTest","testRegistrationEndpoint_InvalidRequest","Test empty email login request",""
"passed","Sun Jan 28 19:48:47 GMT 2024","Sun Jan 28 19:48:47 GMT 2024","25","","com.coursemanagement.integration.e2e.RoleAssignmentTest","","com.coursemanagement.integration.e2e.RoleAssignmentTest","testFailureRoleAssignmentFlow","Test user id and roles are null",""
"passed","Sun Jan 28 19:48:19 GMT 2024","Sun Jan 28 19:48:19 GMT 2024","47","","com.coursemanagement.unit.service.CourseServiceImplTest","","com.coursemanagement.unit.service.CourseServiceImplTest","testGetCoursesByCodes","Test get courses by codes",""
"passed","Sun Jan 28 19:48:48 GMT 2024","Sun Jan 28 19:48:48 GMT 2024","63","","com.coursemanagement.integration.e2e.MarkAssignmentTest","","com.coursemanagement.integration.e2e.MarkAssignmentTest","testBadMarkAssignmentFlow","Test unauthorized mark assignment when student is not associated with lesson",""
"passed","Sun Jan 28 19:48:42 GMT 2024","Sun Jan 28 19:48:42 GMT 2024","38","","com.coursemanagement.integration.repository.CourseRepositoryTest","","com.coursemanagement.integration.repository.CourseRepositoryTest","testFindCourseByCode_User_Roles_Are_Fetched","Test find course by code with fetched user roles",""
"passed","Sun Jan 28 19:48:29 GMT 2024","Sun Jan 28 19:48:29 GMT 2024","12","","com.coursemanagement.unit.resource.CourseResourceTest","","com.coursemanagement.unit.resource.CourseResourceTest","testUserCourseFinalMarkEndpoint","Test unauthorized access to endpoint",""
"passed","Sun Jan 28 19:48:17 GMT 2024","Sun Jan 28 19:48:18 GMT 2024","1047","","com.coursemanagement.unit.security.ApplicationUserDetailsServiceTest","","com.coursemanagement.unit.security.ApplicationUserDetailsServiceTest","testLoadUserByEmail","Test load user by email",""
"passed","Sun Jan 28 19:48:22 GMT 2024","Sun Jan 28 19:48:22 GMT 2024","0","","com.coursemanagement.unit.service.UserAssociationServiceImplTest","","com.coursemanagement.unit.service.UserAssociationServiceImplTest","testUserAssociationAccess","Test admin access to a course when the requested user doesn't have access",""
"passed","Sun Jan 28 19:48:45 GMT 2024","Sun Jan 28 19:48:45 GMT 2024","34","","com.coursemanagement.integration.e2e.RegistrationTest","","com.coursemanagement.integration.e2e.RegistrationTest","testRegistrationFlow","Test user registration with invalid email",""
"passed","Sun Jan 28 19:48:48 GMT 2024","Sun Jan 28 19:48:48 GMT 2024","31","","com.coursemanagement.integration.e2e.MarkAssignmentTest","","com.coursemanagement.integration.e2e.MarkAssignmentTest","testBadMarkAssignmentFlow","Test mark assignment without specifying a student",""
"passed","Sun Jan 28 19:48:24 GMT 2024","Sun Jan 28 19:48:24 GMT 2024","85","","com.coursemanagement.unit.resource.ResetPasswordControllerTest","","com.coursemanagement.unit.resource.ResetPasswordControllerTest","testResetPasswordRequestEndpoint_ValidParameter","Test reset password request endpoint with valid parameter",""
"passed","Sun Jan 28 19:48:30 GMT 2024","Sun Jan 28 19:48:30 GMT 2024","9","","com.coursemanagement.unit.resource.CourseManagementResourceTest","","com.coursemanagement.unit.resource.CourseManagementResourceTest","testCourseCompletionEndpoint","Test unauthorized access to endpoint",""
"passed","Sun Jan 28 19:48:41 GMT 2024","Sun Jan 28 19:48:41 GMT 2024","67","","com.coursemanagement.integration.repository.LessonMarkRepositoryTest","","com.coursemanagement.integration.repository.LessonMarkRepositoryTest","testFindLessonMarkById_Student_Is_Fetched","Test find lesson mark by id with fetched student",""
"passed","Sun Jan 28 19:48:21 GMT 2024","Sun Jan 28 19:48:21 GMT 2024","4","","Test instructor assigment","","com.coursemanagement.unit.service.CourseManagementServiceImplTest$InstructorAssigmentTests","testGroupingUsersByRolesAfterAssigment","Test grouping users by role",""
"passed","Sun Jan 28 19:48:20 GMT 2024","Sun Jan 28 19:48:20 GMT 2024","1","","Token confirmation","","com.coursemanagement.unit.service.ConfirmationTokenServiceImplTest$TokenConfirmationTests","testThrowSystemExceptionWhenTokenIsInvalid","Test token: EMAIL_CONFIRMATION with status: ACTIVATED expired: false",""
"passed","Sun Jan 28 19:48:18 GMT 2024","Sun Jan 28 19:48:19 GMT 2024","142","","com.coursemanagement.unit.security.JwtServiceImplTest","","com.coursemanagement.unit.security.JwtServiceImplTest","testJwtGeneration","Test jwt generation",""
"passed","Sun Jan 28 19:48:46 GMT 2024","Sun Jan 28 19:48:46 GMT 2024","59","","com.coursemanagement.integration.e2e.InstructorAssignmentTest","","com.coursemanagement.integration.e2e.InstructorAssignmentTest","testInstructorAssignmentFlow","Test assign instructor to already assigned course",""
"passed","Sun Jan 28 19:48:20 GMT 2024","Sun Jan 28 19:48:20 GMT 2024","1","","com.coursemanagement.unit.service.FeedbackServiceImplTest","","com.coursemanagement.unit.service.FeedbackServiceImplTest","testFeedbackSubmission","Test student is not associated with course",""
"passed","Sun Jan 28 19:48:48 GMT 2024","Sun Jan 28 19:48:48 GMT 2024","30","","com.coursemanagement.integration.e2e.MarkAssignmentTest","","com.coursemanagement.integration.e2e.MarkAssignmentTest","testBadMarkAssignmentFlow","Test mark assignment without specifying mark",""
"passed","Sun Jan 28 19:48:29 GMT 2024","Sun Jan 28 19:48:29 GMT 2024","16","","com.coursemanagement.unit.resource.CourseResourceTest","","com.coursemanagement.unit.resource.CourseResourceTest","testUserCourseFinalMarkEndpoint","Test exception deserialization",""
"broken","Sun Jan 28 19:48:51 GMT 2024","Sun Jan 28 19:48:51 GMT 2024","1","","com.coursemanagement.integration.e2e.ResetPasswordTest","","com.coursemanagement.integration.e2e.ResetPasswordTest","testResetPasswordFlow","Test reset password request confirmation",""
"passed","Sun Jan 28 19:48:25 GMT 2024","Sun Jan 28 19:48:25 GMT 2024","12","","com.coursemanagement.unit.resource.LessonResourceTest","","com.coursemanagement.unit.resource.LessonResourceTest","testAssignMarkEndpoint","Test empty body request",""
"passed","Sun Jan 28 19:48:30 GMT 2024","Sun Jan 28 19:48:30 GMT 2024","15","","com.coursemanagement.unit.resource.CourseManagementResourceTest","","com.coursemanagement.unit.resource.CourseManagementResourceTest","testAssignInstructorToCourseEndpoint","Test unauthorized access to admins endpoint",""
"passed","Sun Jan 28 19:48:48 GMT 2024","Sun Jan 28 19:48:48 GMT 2024","51","","com.coursemanagement.integration.e2e.HomeworkManagementTest","","com.coursemanagement.integration.e2e.HomeworkManagementTest","testHomeworkDownloadingFlow","Test valid homework downloading",""
"passed","Sun Jan 28 19:48:30 GMT 2024","Sun Jan 28 19:48:30 GMT 2024","17","","com.coursemanagement.unit.resource.CourseManagementResourceTest","","com.coursemanagement.unit.resource.CourseManagementResourceTest","testFeedbackSubmissionEndpoint","Test exception deserialization",""
"passed","Sun Jan 28 19:48:21 GMT 2024","Sun Jan 28 19:48:21 GMT 2024","1","","Test enroll student in courses","","com.coursemanagement.unit.service.CourseManagementServiceImplTest$TestStudentCourseEnrollment","testEnrollStudentCourseAccessControl_ThrowException","Requested by instructor for student",""
"passed","Sun Jan 28 19:48:48 GMT 2024","Sun Jan 28 19:48:49 GMT 2024","98","","com.coursemanagement.integration.e2e.MarkAssignmentTest","","com.coursemanagement.integration.e2e.MarkAssignmentTest","testValidMarkAssignmentRequest","Test valid mark assignment request [2] Test valid mark assignment (POOR) by admin",""
"passed","Sun Jan 28 19:48:45 GMT 2024","Sun Jan 28 19:48:45 GMT 2024","29","","com.coursemanagement.integration.e2e.RegistrationTest","","com.coursemanagement.integration.e2e.RegistrationTest","testRegistrationFlow","Test user registration with empty password",""
"passed","Sun Jan 28 19:48:30 GMT 2024","Sun Jan 28 19:48:30 GMT 2024","47","","com.coursemanagement.unit.resource.CourseManagementResourceTest","","com.coursemanagement.unit.resource.CourseManagementResourceTest","testAssignInstructorToCourseEndpoint","Test valid course assigment request",""
"passed","Sun Jan 28 19:48:49 GMT 2024","Sun Jan 28 19:48:49 GMT 2024","76","","com.coursemanagement.integration.e2e.MarkAssignmentTest","","com.coursemanagement.integration.e2e.MarkAssignmentTest","testValidMarkAssignmentRequest","Test valid mark assignment request [8] Test valid mark assignment (ABOVE_AVERAGE) by admin",""
"passed","Sun Jan 28 19:48:21 GMT 2024","Sun Jan 28 19:48:21 GMT 2024","1","","com.coursemanagement.unit.service.EncryptionServiceImplTest","","com.coursemanagement.unit.service.EncryptionServiceImplTest","testUrlTokenEncryption","Test throwing exception while token decryption",""
"passed","Sun Jan 28 19:48:52 GMT 2024","Sun Jan 28 19:48:52 GMT 2024","45","","com.coursemanagement.integration.e2e.ResetPasswordTest","","com.coursemanagement.integration.e2e.ResetPasswordTest","testResetPasswordFlow","Test empty password request",""
"passed","Sun Jan 28 19:48:21 GMT 2024","Sun Jan 28 19:48:21 GMT 2024","8","","com.coursemanagement.unit.service.LessonServiceImplTest","","com.coursemanagement.unit.service.LessonServiceImplTest","testGetUserLessonsWithContentPerCourse","Test get lessons by course code",""
"passed","Sun Jan 28 19:48:30 GMT 2024","Sun Jan 28 19:48:30 GMT 2024","6","","com.coursemanagement.unit.resource.CourseManagementResourceTest","","com.coursemanagement.unit.resource.CourseManagementResourceTest","testCourseEnrollmentsEndpoint","Test unauthorized access to endpoint",""
"passed","Sun Jan 28 19:48:21 GMT 2024","Sun Jan 28 19:48:21 GMT 2024","2","","Test student course completion","","com.coursemanagement.unit.service.CourseManagementServiceImplTest$TestStudentCourseCompletion","testCompleteStudentCourseValidation","Final course mark is above course passing mark",""
"passed","Sun Jan 28 19:48:26 GMT 2024","Sun Jan 28 19:48:26 GMT 2024","14","","User registration endpoint tests","","com.coursemanagement.unit.resource.AuthenticationControllerTest$RegistrationEndpointTests","testRegistrationEndpoint_ValidRequest","Test registration endpoint valid request",""
"passed","Sun Jan 28 19:48:42 GMT 2024","Sun Jan 28 19:48:42 GMT 2024","42","","com.coursemanagement.integration.repository.CourseRepositoryTest","","com.coursemanagement.integration.repository.CourseRepositoryTest","testFindAllCoursesByCodeIn_UserCourses_Are_Fetched","Test find all courses by codes with fetched user courses",""
"passed","Sun Jan 28 19:48:24 GMT 2024","Sun Jan 28 19:48:24 GMT 2024","21","","com.coursemanagement.unit.resource.ResetPasswordControllerTest","","com.coursemanagement.unit.resource.ResetPasswordControllerTest","testResetPasswordEndpoints_InvalidRequest","Test reset password endpoint without email",""
"passed","Sun Jan 28 19:48:25 GMT 2024","Sun Jan 28 19:48:25 GMT 2024","55","","com.coursemanagement.unit.resource.LessonResourceTest","","com.coursemanagement.unit.resource.LessonResourceTest","testAssignMarkEndpoint","Test exception deserialization",""
"passed","Sun Jan 28 19:48:49 GMT 2024","Sun Jan 28 19:48:49 GMT 2024","104","","com.coursemanagement.integration.e2e.MarkAssignmentTest","","com.coursemanagement.integration.e2e.MarkAssignmentTest","testValidMarkAssignmentRequest","Test valid mark assignment request [5] Test valid mark assignment (AVERAGE) by instructor",""
"passed","Sun Jan 28 19:48:22 GMT 2024","Sun Jan 28 19:48:22 GMT 2024","0","","com.coursemanagement.unit.service.UserAssociationServiceImplTest","","com.coursemanagement.unit.service.UserAssociationServiceImplTest","testUserAssociationAccess","Test current user has access to their course",""
"passed","Sun Jan 28 19:48:46 GMT 2024","Sun Jan 28 19:48:46 GMT 2024","79","","com.coursemanagement.integration.e2e.CourseInformationTest","","com.coursemanagement.integration.e2e.CourseInformationTest","testGettingCourseInformation","Test getting student lesson information with content",""
"passed","Sun Jan 28 19:48:41 GMT 2024","Sun Jan 28 19:48:41 GMT 2024","44","","com.coursemanagement.integration.repository.LessonMarkRepositoryTest","","com.coursemanagement.integration.repository.LessonMarkRepositoryTest","testFindLessonMarkById_Lesson_Is_Fetched","Test find lesson mark by id with fetched lesson",""
"passed","Sun Jan 28 19:48:27 GMT 2024","Sun Jan 28 19:48:27 GMT 2024","18","","com.coursemanagement.unit.resource.UserResourceTest","","com.coursemanagement.unit.resource.UserResourceTest","testCurrentUserEndpoint","Test exception deserialization",""
"passed","Sun Jan 28 19:48:47 GMT 2024","Sun Jan 28 19:48:47 GMT 2024","97","","com.coursemanagement.integration.e2e.RoleAssignmentTest","","com.coursemanagement.integration.e2e.RoleAssignmentTest","testSuccessfulRoleAssignmentFlow","Test successful role assignment flow [3] role assignment = RoleAssignmentDto[userId=2, roles=[STUDENT]]",""
"passed","Sun Jan 28 19:48:48 GMT 2024","Sun Jan 28 19:48:48 GMT 2024","56","","com.coursemanagement.integration.e2e.HomeworkManagementTest","","com.coursemanagement.integration.e2e.HomeworkManagementTest","testHomeworkDownloadingFlow","Test homework downloading from not associated lesson",""
"passed","Sun Jan 28 19:48:26 GMT 2024","Sun Jan 28 19:48:26 GMT 2024","43","","User login endpoint tests","","com.coursemanagement.unit.resource.AuthenticationControllerTest$LoginEndpointTests","testLoginEndpoint_ValidRequest","Test login endpoint valid request",""
"passed","Sun Jan 28 19:48:51 GMT 2024","Sun Jan 28 19:48:51 GMT 2024","43","","com.coursemanagement.integration.e2e.FeedbackSubmissionTest","","com.coursemanagement.integration.e2e.FeedbackSubmissionTest","testBadFeedbackSubmissionFlow","Test submission by a new user",""
